column,max,min,range,mean,standard deviation,variance
0000,61.0,34.0,27.0,48.1,6.188128092802321,38.292929292929294
0001,0.0,0.0,0.0,0.0,0.0,0.0
0010,9.0,1.0,8.0,4.03,1.9093337988826249,3.6455555555555557
0011,0.0,0.0,0.0,0.0,0.0,0.0
0100,13.0,0.0,13.0,5.83,2.3912931288913177,5.718282828282828
0101,0.0,0.0,0.0,0.0,0.0,0.0
0110,1.0,0.0,1.0,0.02,0.14070529413628968,0.019797979797979794
0111,0.0,0.0,0.0,0.0,0.0,0.0
1000,52.0,26.0,26.0,38.11,5.982964030132438,35.79585858585858
1001,0.0,0.0,0.0,0.0,0.0,0.0
1010,1.0,0.0,1.0,0.03,0.1714466079977653,0.0293939393939394
1011,0.0,0.0,0.0,0.0,0.0,0.0
1100,2.0,0.0,2.0,0.08,0.3074824459143229,0.0945454545454545
1101,0.0,0.0,0.0,0.0,0.0,0.0
1110,0.0,0.0,0.0,0.0,0.0,0.0
1111,0.0,0.0,0.0,0.0,0.0,0.0
